<?xml version="1.0"?>
<PCB_Planet_SI_Preparation>
<Order_No>E458930</Order_No>
<Operator>Yogesh</Operator>
<Data_Analysis_And_Order_Details>
6/25/12 12:32 PM
<Check1>Done</Check1>
<Check2>Done</Check2>
<Check3>Done</Check3>
<Check4>Done</Check4>
<PCB_Type>Double Side</PCB_Type>
<Special_Cases>
<Customer_Panel>No</Customer_Panel>
<V_Cut>No</V_Cut>
<Gold_Tab>No</Gold_Tab>
<Impedence>No</Impedence>
<Peel_Off>No</Peel_Off>
<Carbon>No</Carbon>
<Via_Fill>No</Via_Fill>
<Heat_Sink>No</Heat_Sink>
</Special_Cases>
</Data_Analysis_And_Order_Details>
<Data_Load_And_Job_Build>
6/25/12 12:32 PM
<Make_Outline>Done</Make_Outline>
<Set_Origin>Done</Set_Origin>
<Create_Help_Layer>NA</Create_Help_Layer>
<Create_Function_Layer>Done</Create_Function_Layer>
<Save_As_Job>NA</Save_As_Job>
<Clean_Up>Done</Clean_Up>
<Create_Reference_Layer_And_Job>Done</Create_Reference_Layer_And_Job>
<Load_Buildup>NA</Load_Buildup>
<Save_Job>Done</Save_Job>
<Check_Job_Details>NA</Check_Job_Details>
</Data_Load_And_Job_Build>
<Drill_Layer_Preparation>
6/25/12 12:34 PM
<Modify_Drill>Done</Modify_Drill>
<Check1>Done</Check1>
<Check2>Done</Check2>
<Check3>Done</Check3>
<Check4>Done</Check4>
</Drill_Layer_Preparation>
<Exception_Check>
NA
<Exception_Script>NA</Exception_Script></Exception_Check>
<Outer_Layer_Preparation>
NA
<Remove_Pads_for_NPTH>NA</Remove_Pads_for_NPTH>
<Check_Pads_for_PTH>NA</Check_Pads_for_PTH>
<Create_Copperfree_Area>NA</Create_Copperfree_Area>
<Check1>NA</Check1>
<Check2>NA</Check2>
<Check3>NA</Check3>
<Check4>NA</Check4>
<Check5>NA</Check5>
<Check6>NA</Check6>
</Outer_Layer_Preparation>
<Inner_Layer_Preparation>
NA
<Check1>NA</Check1>
<Check2>NA</Check2>
<Check3>NA</Check3>
<Check4>NA</Check4>
<Check5>NA</Check5>
<Check6>NA</Check6>
<Check7>NA</Check7>
</Inner_Layer_Preparation>
<Soldermask_Layer_Preparation>
6/25/12 12:38 PM
<Mask_Opening_for_NPTH>Done</Mask_Opening_for_NPTH>
<Check1>Done</Check1>
<Check2>Done</Check2>
<Check3>Done</Check3>
<Check4>Done</Check4>
<Check5>Done</Check5>
<Check6>Done</Check6>
</Soldermask_Layer_Preparation>
<Silk_Layer_Preparation>
6/25/12 12:42 PM
<Set_Text_Width_Top>Done</Set_Text_Width_Top>
<Set_Text_Width_Bottom>Done</Set_Text_Width_Bottom>
<Silk_Clipping>Done</Silk_Clipping>
<Check1>Done</Check1>
<Check2>Done</Check2>
<Check3>Done</Check3>
<Check4>Done</Check4>
</Silk_Layer_Preparation>
<Customer_Panel_Preparation>
NA
<Customer_Panel>NA</Customer_Panel>
</Customer_Panel_Preparation>
<Rout_Layer_Preparation>
NA
<Edge_Clearance>NA</Edge_Clearance>
<Check1>NA</Check1>
<Check2>NA</Check2>
<Check3>NA</Check3>
<Check4>NA</Check4>
<Check5>NA</Check5>
<Check6>NA</Check6>
<Check7>NA</Check7>
<Check8>NA</Check8>
<Check9>NA</Check9>
<Check10>NA</Check10>
</Rout_Layer_Preparation>
<Vcut_Layer_Preparation>
NA
<Check1>NA</Check1>
<Check2>NA</Check2>
<Check3>NA</Check3>
</Vcut_Layer_Preparation>
<Paste_Layer_Preparation>
NA
<Paste_Output>NA</Paste_Output>
<Check1>NA</Check1>
<Check2>NA</Check2>
<Check3>NA</Check3>
</Paste_Layer_Preparation>
<Peeloff_Layer_Preparation>
NA
<Check1>NA</Check1>
<Check2>NA</Check2>
<Check3>NA</Check3>
<Check4>NA</Check4>
<Check5>NA</Check5>
</Peeloff_Layer_Preparation>
<Carbon_Layer_Preparation>
NA
<Carbon_Script>NA</Carbon_Script>
<Check1>NA</Check1>
<Check2>NA</Check2>
</Carbon_Layer_Preparation>
<Viafill_Layer_Preparation>
NA
<Viafill_Script>NA</Viafill_Script>
</Viafill_Layer_Preparation>
<Golg_Finger_Preparation>
NA
<Check1>NA</Check1>
<Check2>NA</Check2>
<Check3>NA</Check3>
<Check4>NA</Check4>
<Check5>NA</Check5>
</Golg_Finger_Preparation>
<HeatSink_Layer_Preparation>
NA
<Heatsink_Script>NA</Heatsink_Script>
</HeatSink_Layer_Preparation>
<Drillmap_Layer_Preparation>
6/25/12 12:43 PM
<Make_Drillmap>NA</Make_Drillmap>
<Check1>NA</Check1>
<Check2>NA</Check2>
<Check3>NA</Check3>
</Drillmap_Layer_Preparation>
</PCB_Planet_SI_Preparation>
